{"use_time": true, "loop_time": 20, "joint_names": ["joint_1", "joint_2", "joint_3", "joint_4", "joint_5", "joint_6"], "trajectory": [[-0.9272952169012451, 0.527126453532433, 0.4296340354824698, 3.141592631121636, -0.6140358204416385, 2.214297450447725, 0.0], [-0.8588118400630299, 0.5107749985992793, 0.41318202761487627, 2.9903414530379395, -0.5556347404679806, 2.1914552579473394, 0.34790159585819996], [-0.7903284632248152, 0.49442354366612573, 0.3967300197472829, 2.8390902749542444, -0.49723366049432277, 2.1686130654469546, 0.4919041898887794], [-0.7218450863866004, 0.478072088732972, 0.3802780118796898, 2.68783909687055, -0.43883258052066487, 2.14577087294657, 0.6237642786125309], [-0.6533617095483857, 0.46172063379981854, 0.3638260040120969, 2.5365879187868576, -0.3804315005470069, 2.1229286804461864, 0.7354237075465887], [-0.5848783327101711, 0.44536917886666516, 0.3473739961445041, 2.385336740703165, -0.3220304205733488, 2.1000864879458025, 0.8440934912527325], [-0.5163949558719563, 0.42901772393351184, 0.3309219882769113, 2.234085562619472, -0.2636293405996904, 2.07724429544542, 0.9404838701419848], [-0.4479115790337412, 0.41266626900035863, 0.31446998040931873, 2.0828343845357793, -0.20522826062603172, 2.0544021029450383, 1.0372750685192917], [-0.37942820219552575, 0.3963148140672056, 0.29801797254172624, 1.9315832064520861, -0.14682718065237269, 2.031559910444658, 1.143980098700132], [-0.3109448253573101, 0.37996335913405266, 0.2815659646741339, 1.7803320283683939, -0.08842610067871322, 2.0087177179442803, 1.2417044235096548], [-0.24246144851909424, 0.36361190420090006, 0.26511395680654165, 1.6290808502847016, -0.030025020705053397, 1.9858755254439036, 1.343459289795235], [-0.17397807168087803, 0.34726044926774796, 0.24866194893894955, 1.47782967220101, 0.028376059268606812, 1.963033332943528, 1.4581755904098994], [-0.10549469484266157, 0.3309089943345962, 0.23220994107135765, 1.3265784941173182, 0.0867771392422674, 1.9401911404431547, 1.558859558021864], [-0.03701131800444494, 0.3145575394014449, 0.21575793320376585, 1.1753273160336273, 0.14517821921592844, 1.917348947942783, 1.6489373888725218], [0.03147205883377192, 0.2982060844682938, 0.1993059253361743, 1.024076137949937, 0.2035792991895899, 1.8945067554424135, 1.7391545529172399], [0.09995543567198899, 0.28185462953514295, 0.18285391746858293, 0.8728249598662471, 0.2619803791632518, 1.8716645629420463, 1.836982916495224], [0.16843881251020623, 0.2655031746019925, 0.16640190960099188, 0.721573781782558, 0.3203814591369142, 1.8488223704416815, 1.9293217251040637], [0.23692218934842368, 0.24915171966884245, 0.1499499017334011, 0.5703226036988701, 0.37878253911057697, 1.8259801779413192, 2.0271365863817827], [0.3054055661866413, 0.2328002647356927, 0.13349789386581049, 0.4190714256151834, 0.4371836190842399, 1.8031379854409597, 2.117347069470028], [0.37388894302485903, 0.21644880980254333, 0.11704588599822013, 0.26782024753149786, 0.49558469905790314, 1.780295792940603, 2.2074249024956347], [0.4423723198630769, 0.2000973548693943, 0.10059387813063003, 0.11656906944781338, 0.5539857790315668, 1.7574536004402472, 2.3081090916520024], [0.510855696701295, 0.1837458999362456, 0.08414187026304012, -0.03468210863587005, 0.6123868590052304, 1.7346114079398935, 2.4228254409743775], [0.5793390735395133, 0.16739444500309714, 0.06768986239545047, -0.18593328671955242, 0.6707879389788941, 1.7117692154395414, 2.524580350433885], [0.6478224503777317, 0.15104299006994898, 0.05123785452786099, -0.33718446480323383, 0.7291890189525578, 1.6889270229391906, 2.6223046810505677], [0.7163058272159499, 0.1346915351368011, 0.0347858466602717, -0.4884356428869141, 0.7875900989262212, 1.6660848304388416, 2.7290097175148187], [0.7847892040541683, 0.11834008020365347, 0.01833383879268257, -0.6396868209705934, 0.845991178899885, 1.6432426379384943, 2.825800918841361], [0.8532725808923864, 0.10198862527050602, 0.0018818309250935932, -0.7909379990542718, 0.9043922588735489, 1.6204004454381482, 2.9221912981957683], [0.9217559577306043, 0.08563717033735875, -0.014570176942495253, -0.9421891771379491, 0.9627933388472126, 1.5975582529378025, 3.0308610824263225], [0.9902393345688216, 0.06928571540421163, -0.031022184810083987, -1.0934403552216256, 1.0211944188208761, 1.5747160604374568, 3.1425205114719836], [1.0587227114070392, 0.05293426047106461, -0.04747419267767264, -1.244691533305302, 1.0795954987945398, 1.5518738679371125, 3.2743806003275457], [1.1272060882452564, 0.036582805537917665, -0.06392620054526123, -1.3959427113889773, 1.1379965787682034, 1.5290316754367685, 3.418383194373546], [1.1956894650834735, 0.020231350604770788, -0.08037820841284982, -1.547193889472653, 1.1963976587418672, 1.506189482936426, 3.766284790265448]]}